{"num_topics": 23, "avg_topic_diversity": 10.0, "total_unique_words": 200, "topic_size_std": 304.5127565531396, "topic_size_cv": 1.8205857553216038, "doc_coverage": 0.8359408952629291, "avg_topic_size": 167.2608695652174, "topic_sizes": [1505, 458, 356, 245, 143, 125, 121, 120, 111, 89, 74, 72, 67, 59, 50, 40, 36, 34, 32, 32, 30, 26, 22], "topic_diversities": [10, 10, 10, 10, 10, 10, 10, 10, 10, 10, 10, 10, 10, 10, 10, 10, 10, 10, 10, 10, 10, 10, 10]}