{"num_topics": 8, "avg_topic_diversity": 10.0, "total_unique_words": 77, "topic_size_std": 802.9578036080103, "topic_size_cv": 1.9284486427091212, "doc_coverage": 0.7238157322903086, "avg_topic_size": 416.375, "topic_sizes": [2498, 536, 78, 73, 61, 32, 29, 24], "topic_diversities": [10, 10, 10, 10, 10, 10, 10, 10]}