{"num_topics": 19, "avg_topic_diversity": 10.0, "total_unique_words": 167, "topic_size_std": 439.05760322236586, "topic_size_cv": 2.0613033015134548, "doc_coverage": 0.8794002607561929, "avg_topic_size": 213.0, "topic_sizes": [2004, 449, 414, 239, 141, 123, 110, 78, 76, 66, 62, 61, 47, 41, 33, 28, 27, 25, 23], "topic_diversities": [10, 10, 10, 10, 10, 10, 10, 10, 10, 10, 10, 10, 10, 10, 10, 10, 10, 10, 10]}