{"num_topics": 164, "avg_topic_diversity": 9.920731707317072, "total_unique_words": 934, "topic_size_std": 60.076196845540686, "topic_size_cv": 1.481355628126398, "doc_coverage": 0.7133204633204633, "avg_topic_size": 40.55487804878049, "topic_sizes": [568, 513, 144, 136, 128, 99, 92, 79, 72, 69, 69, 66, 66, 65, 64, 64, 63, 63, 63, 63, 61, 60, 59, 58, 57, 54, 53, 53, 53, 52, 51, 51, 50, 50, 50, 49, 48, 48, 48, 47, 45, 45, 44, 43, 43, 42, 42, 41, 41, 40, 39, 39, 39, 39, 39, 38, 38, 38, 38, 37, 37, 37, 37, 36, 36, 36, 35, 35, 35, 35, 34, 34, 34, 33, 33, 33, 33, 32, 32, 31, 31, 30, 29, 29, 29, 29, 28, 28, 28, 28, 28, 27, 27, 26, 25, 25, 24, 24, 24, 23, 23, 22, 22, 22, 21, 21, 21, 21, 21, 20, 20, 20, 20, 19, 19, 19, 19, 19, 19, 19, 18, 18, 17, 17, 17, 17, 17, 17, 16, 15, 15, 15, 15, 15, 15, 15, 15, 15, 14, 14, 14, 14, 14, 13, 13, 13, 13, 13, 13, 12, 12, 12, 12, 12, 12, 11, 11, 11, 11, 11, 11, 11, 10, 10], "topic_diversities": [10, 10, 10, 10, 10, 10, 10, 10, 10, 10, 10, 10, 10, 10, 10, 10, 10, 10, 10, 10, 10, 10, 10, 10, 10, 10, 10, 10, 10, 7, 10, 10, 10, 10, 10, 10, 10, 10, 10, 10, 10, 10, 10, 10, 10, 10, 10, 10, 10, 10, 10, 10, 10, 10, 10, 10, 10, 10, 10, 10, 10, 10, 10, 10, 10, 10, 10, 10, 10, 10, 10, 10, 10, 10, 10, 10, 10, 10, 7, 10, 10, 10, 10, 10, 10, 10, 10, 10, 10, 10, 10, 10, 10, 10, 10, 10, 8, 10, 10, 10, 10, 10, 10, 8, 10, 10, 10, 10, 10, 10, 10, 10, 10, 10, 10, 10, 10, 10, 10, 10, 10, 10, 10, 10, 10, 10, 10, 10, 7, 10, 10, 10, 10, 10, 10, 10, 10, 10, 10, 10, 10, 10, 10, 10, 10, 10, 10, 10, 10, 10, 10, 10, 10, 10, 10, 10, 10, 10, 10, 10, 10, 10, 10, 10]}