{"num_topics": 169, "avg_topic_diversity": 9.887573964497042, "total_unique_words": 931, "topic_size_std": 57.64459929982496, "topic_size_cv": 1.45815555780129, "doc_coverage": 0.7165379665379665, "avg_topic_size": 39.532544378698226, "topic_sizes": [530, 484, 237, 134, 130, 129, 91, 82, 81, 74, 72, 72, 65, 65, 64, 62, 60, 59, 59, 57, 56, 56, 56, 55, 54, 54, 50, 50, 49, 49, 49, 49, 48, 47, 47, 46, 45, 45, 45, 43, 43, 43, 43, 43, 43, 42, 42, 41, 41, 39, 39, 38, 38, 37, 37, 37, 37, 36, 36, 36, 35, 35, 35, 35, 35, 35, 34, 34, 34, 33, 33, 33, 32, 32, 31, 31, 31, 31, 30, 30, 29, 29, 29, 28, 28, 28, 28, 27, 27, 27, 26, 26, 25, 25, 25, 24, 24, 23, 23, 23, 23, 23, 22, 22, 21, 21, 21, 21, 21, 21, 21, 20, 20, 20, 20, 19, 19, 19, 19, 18, 18, 18, 18, 18, 17, 17, 17, 17, 17, 17, 17, 16, 16, 16, 16, 15, 15, 15, 15, 15, 14, 14, 14, 14, 14, 14, 14, 14, 14, 13, 13, 13, 13, 13, 13, 12, 12, 12, 12, 12, 12, 12, 12, 11, 11, 11, 11, 11, 11], "topic_diversities": [10, 10, 10, 10, 10, 10, 10, 10, 10, 10, 10, 10, 10, 10, 10, 10, 10, 10, 10, 10, 10, 10, 10, 10, 10, 7, 10, 10, 10, 10, 10, 10, 10, 10, 10, 7, 10, 10, 10, 10, 10, 10, 10, 10, 10, 10, 10, 10, 10, 10, 10, 10, 10, 10, 10, 10, 10, 10, 10, 10, 10, 10, 10, 10, 10, 10, 10, 10, 10, 10, 10, 10, 10, 10, 10, 10, 10, 10, 10, 10, 10, 10, 10, 10, 10, 10, 10, 10, 10, 10, 10, 10, 10, 10, 10, 10, 10, 10, 10, 10, 10, 7, 10, 10, 10, 10, 10, 10, 10, 10, 10, 10, 10, 10, 10, 10, 10, 10, 10, 10, 10, 10, 10, 10, 10, 10, 10, 10, 10, 10, 10, 10, 10, 10, 10, 10, 10, 10, 10, 10, 10, 10, 10, 10, 10, 10, 10, 10, 10, 5, 10, 10, 10, 10, 10, 10, 10, 10, 10, 10, 10, 10, 10, 5, 10, 10, 10, 10, 10]}